Datetime,Water Level (m)
2025-03-27 12:00:00,-1.410685
2025-03-27 13:00:00,-0.8515614
2025-03-27 14:00:00,-0.046531253
2025-03-27 15:00:00,0.68253905
2025-03-27 16:00:00,1.2658476
2025-03-27 17:00:00,1.4688928
2025-03-27 18:00:00,1.2654073
2025-03-27 19:00:00,0.73772824
2025-03-27 20:00:00,0.0555886
2025-03-27 21:00:00,-0.558763
2025-03-27 22:00:00,-1.0448629
2025-03-27 23:00:00,-1.4186376
2025-03-28 00:00:00,-1.6263521
2025-03-28 01:00:00,-1.4202988
2025-03-28 02:00:00,-0.6491206
2025-03-28 03:00:00,0.22489724
2025-03-28 04:00:00,0.9443671
2025-03-28 05:00:00,1.414993
2025-03-28 06:00:00,1.3818421
2025-03-28 07:00:00,0.93316483
2025-03-28 08:00:00,0.26211098
2025-03-28 09:00:00,-0.3908342
2025-03-28 10:00:00,-0.888172
2025-03-28 11:00:00,-1.2797308
2025-03-28 12:00:00,-1.5317588
2025-03-28 13:00:00,-1.4564023
2025-03-28 14:00:00,-0.72796655
2025-03-28 15:00:00,0.19410722
2025-03-28 16:00:00,0.994575
2025-03-28 17:00:00,1.5319395
2025-03-28 18:00:00,1.578416
2025-03-28 19:00:00,1.2270933
2025-03-28 20:00:00,0.5538472
2025-03-28 21:00:00,-0.17284855
2025-03-28 22:00:00,-0.75087166
2025-03-28 23:00:00,-1.2071989
2025-03-29 00:00:00,-1.5640846
2025-03-29 01:00:00,-1.7181643
2025-03-29 02:00:00,-1.3113267
2025-03-29 03:00:00,-0.412149
2025-03-29 04:00:00,0.5091424
2025-03-29 05:00:00,1.245804
2025-03-29 06:00:00,1.589466
2025-03-29 07:00:00,1.4633453
2025-03-29 08:00:00,0.8663455
2025-03-29 09:00:00,0.13378626
2025-03-29 10:00:00,-0.5072391
2025-03-29 11:00:00,-1.0043572
2025-03-29 12:00:00,-1.3867754
2025-03-29 13:00:00,-1.6050862
2025-03-29 14:00:00,-1.357637
2025-03-29 15:00:00,-0.51250434
2025-03-29 16:00:00,0.42698243
2025-03-29 17:00:00,1.1939873
2025-03-29 18:00:00,1.6481963
2025-03-29 19:00:00,1.5966465
2025-03-29 20:00:00,1.0536941
2025-03-29 21:00:00,0.29358485
2025-03-29 22:00:00,-0.4031783
2025-03-29 23:00:00,-0.9532251
2025-03-30 00:00:00,-1.3917965
2025-03-30 01:00:00,-1.7051665
2025-03-30 02:00:00,-1.742683
2025-03-30 03:00:00,-1.0602736
2025-03-30 04:00:00,-0.07791487
2025-03-30 05:00:00,0.811596
2025-03-30 06:00:00,1.5058756
2025-03-30 07:00:00,1.6643221
2025-03-30 08:00:00,1.3896357
2025-03-30 09:00:00,0.68430525
2025-03-30 10:00:00,-0.051128224
2025-03-30 11:00:00,-0.65501696
2025-03-30 12:00:00,-1.1387823
2025-03-30 13:00:00,-1.5061603
2025-03-30 14:00:00,-1.6770221
2025-03-30 15:00:00,-1.2346503
2025-03-30 16:00:00,-0.30771893
2025-03-30 17:00:00,0.6200097
2025-03-30 18:00:00,1.3564762
2025-03-30 19:00:00,1.611201
2025-03-30 20:00:00,1.4142948
2025-03-30 21:00:00,0.7216929
2025-03-30 22:00:00,-0.03465892
2025-03-30 23:00:00,-0.65812844
2025-03-31 00:00:00,-1.1617218
2025-03-31 01:00:00,-1.5485903
2025-03-31 02:00:00,-1.7775767
2025-03-31 03:00:00,-1.5762178
2025-03-31 04:00:00,-0.7216599
2025-03-31 05:00:00,0.26546353
2025-03-31 06:00:00,1.0981536
2025-03-31 07:00:00,1.6296022
2025-03-31 08:00:00,1.6638664
2025-03-31 09:00:00,1.2056202
2025-03-31 10:00:00,0.47073877
2025-03-31 11:00:00,-0.25048378
2025-03-31 12:00:00,-0.81018144
2025-03-31 13:00:00,-1.2590318
2025-03-31 14:00:00,-1.5657874
2025-03-31 15:00:00,-1.587916
2025-03-31 16:00:00,-0.9097872
2025-03-31 17:00:00,0.0392072
2025-03-31 18:00:00,0.8758426
2025-03-31 19:00:00,1.4808031
2025-03-31 20:00:00,1.5484455
2025-03-31 21:00:00,1.165841
2025-03-31 22:00:00,0.4576342
2025-03-31 23:00:00,-0.26771104
2025-04-01 00:00:00,-0.8295614
2025-04-01 01:00:00,-1.2806793
2025-04-01 02:00:00,-1.5995276
2025-04-01 03:00:00,-1.7201812
2025-04-01 04:00:00,-1.2121503
2025-04-01 05:00:00,-0.2857594
2025-04-01 06:00:00,0.6195678
2025-04-01 07:00:00,1.3623132
2025-04-01 08:00:00,1.6342466
2025-04-01 09:00:00,1.5227685
2025-04-01 10:00:00,0.9135411
2025-04-01 11:00:00,0.1784375
2025-04-01 12:00:00,-0.45827743
2025-04-01 13:00:00,-0.95599526
2025-04-01 14:00:00,-1.3351493
2025-04-01 15:00:00,-1.555057
2025-04-01 16:00:00,-1.3433656
2025-04-01 17:00:00,-0.5505274
2025-04-01 18:00:00,0.32886183
2025-04-01 19:00:00,1.0168289
2025-04-01 20:00:00,1.4146749
2025-04-01 21:00:00,1.326378
2025-04-01 22:00:00,0.76673007
2025-04-01 23:00:00,0.06086056
2025-04-02 00:00:00,-0.5692662
2025-04-02 01:00:00,-1.054146
2025-04-02 02:00:00,-1.421997
2025-04-02 03:00:00,-1.6405609
2025-04-02 04:00:00,-1.5106866
2025-04-02 05:00:00,-0.795253
2025-04-02 06:00:00,0.07710789
2025-04-02 07:00:00,0.84430987
2025-04-02 08:00:00,1.4285008
2025-04-02 09:00:00,1.4996669
2025-04-02 10:00:00,1.2258152
2025-04-02 11:00:00,0.6026251
2025-04-02 12:00:00,-0.08452137
